elapsed_ns,frametime_ms
28263597,14.48
47201294,18.9378
60884398,13.6832
67418327,6.53344
90172371,22.754
94411905,4.23913
109629124,15.2168
125180272,15.5507
139824093,14.6443
163909050,24.0848
179567299,15.6577
194995125,15.4279
198973788,3.9783
214686459,15.7126
227813207,13.1265
243218411,15.4054
256933715,13.7153
271751434,14.8162
285205788,13.4551
307960453,22.7541
311673617,3.71354
325534556,13.859
338030127,12.4966
352218852,14.1884
364325732,12.107
377804792,13.4789
390879572,13.0742
403603633,12.7223
418097743,14.4952
430264776,12.1669
442827593,12.5607
456531156,13.7047
469716344,13.185
480708066,10.9915
494248773,13.5407
507651149,13.398
519745646,12.0982
530089440,10.342
542781580,12.693
554887078,12.1056
567615817,12.7285
578042507,10.4261
589550080,11.5081
601224536,11.6737
613828631,12.604
625178497,11.3498
637175340,11.9966
648533953,11.3585
660528061,11.9931
672132195,11.604
684734597,12.6027
697161118,12.4261
709363507,12.2012
721243100,11.8796
733738190,12.4954
743921181,10.1828
755759185,11.838
767877567,12.1173
778572291,10.6951
789750765,11.1786
801271602,11.5205
812883591,11.6117
824111829,11.2283
837019915,12.908
847098581,10.0785
858621052,11.5224
869690821,11.0696
882152969,12.4621
892994429,10.8414
903789722,10.7951
924580133,20.7903
926548866,1.96869
938123425,11.5744
949795998,11.6725
960640533,10.8444
972710223,12.0682
983922801,11.2129
995235728,11.3131
1007653262,12.4126
1019113135,11.4617
1031207942,12.0947
1042865056,11.657
1054982776,12.1163
1066921700,11.9399
1078205973,11.2838
1090154646,11.9484
1101903101,11.7471
1113113175,11.2111
1124721206,11.6082
1136261190,11.5394
1147802266,11.5408
1160642114,12.8392
1172430725,11.7888
1184561059,12.1299
1195999582,11.4385
1208254951,12.2553
1219920792,11.6657
1231497404,11.5764
1243941769,12.4442
1255114882,11.1727
1266874329,11.7594
1278872795,11.9981
1290613366,11.7405
1302338858,11.7253
1314082134,11.7431
1326048690,11.9652
1338258604,12.2104
1352120835,13.8624
1362193038,10.0719
1374180894,11.9876
1386759982,12.5777
1398411947,11.6526
1410729032,12.3164
1422721326,11.9923
1435551406,12.8298
1447570291,12.0188
1459356047,11.7851
1471338663,11.9823
1483477603,12.1391
1495086606,11.6086
1507341615,12.2549
1519511042,12.1622
1531565574,12.0604
1543340469,11.7749
1555749227,12.4084
1567656141,11.9069
1579954140,12.2978
1592469989,12.5151
1605663663,13.1936
1616864168,11.2006
1629273126,12.4089
1641659572,12.3862
1653939547,12.2799
1665893089,11.9532
1689321992,23.4288
1691504697,2.18203
1704170729,12.666
1716479228,12.3084
1729495889,13.0165
1741059006,11.5633
1753180263,12.1212
1765827289,12.6469
1778684580,12.8567
1790853807,12.1696
1803345521,12.4916
1816860629,13.5144
1828141706,11.2804
1840625645,12.4842
1853302096,12.6762
1866280495,12.9783
1879250979,12.9703
1891425676,12.1746
1904800992,13.3753
1917612567,12.8114
1930420345,12.8077
1944756257,14.3358
1956254162,11.4977
1969419312,13.1651
1983233934,13.8131
1996638123,13.4049
2010461682,13.8197
2023063492,12.6023
2036005784,12.9441
2049502628,13.4971
2062977540,13.4748
2076015020,13.037
2089488120,13.4729
2102726999,13.2387
2115982338,13.2534
2129769288,13.7876
2143296149,13.5263
2157683698,14.3883
2168668087,10.9842
2181707641,13.039
2194636767,12.9289
2207970664,13.3338
2221885535,13.9148
2235060423,13.1729
2248550154,13.4906
2263948103,15.3963
2277569772,13.6217
2293147049,15.5772
2306141869,12.9949
2319952172,13.8097
2334439018,14.4873
2348090032,13.651
2363786203,15.6961
2376635479,12.8484
2392234917,15.5996
2408391193,16.1563
2421794130,13.403
2435155790,13.3558
2450657144,15.5053
2463993206,13.3354
2479707700,15.7145
2493156274,13.4482
2518601930,25.4461
2534019377,15.4154
2548574140,14.5565
2552659995,4.08268
2567189531,14.5311
2597085227,29.8953
2603951931,6.86721
2613614304,9.66155
2629569762,15.9536
2646853758,17.2855
2670339419,23.4858
2685253368,14.9129
2700326727,15.0736
2706508333,6.18183
2717983966,11.4755
2735853944,17.8694
2758587500,22.7335
2762327715,3.73693
2776872570,14.5466
2792587826,15.7145
2808023426,15.4348
2821342576,13.3194
2835423278,14.0806
2861356051,25.933
2877187897,15.8319
2880536334,3.34856
2894948500,14.4118
2909057425,14.1078
2924611438,15.5545
2937397335,12.7854
2951016298,13.6188
2979577945,28.5616
2982550456,2.97243
2992855958,10.3032
3007313298,14.4591
3019257442,11.9444
3033139040,13.8795
3046174306,13.0269
3059540223,13.3744
3072310230,12.7703
3085805572,13.4952
3099639440,13.8338
3114152505,14.5132
3125818756,11.6661
3139124030,13.3044
3153077513,13.9533
3165551773,12.474
3177961142,12.4083
3190912640,12.9514
3202189119,11.2758
3214736417,12.5483
3227016382,12.2798
3239462490,12.4445
3251444375,11.9823
3264113632,12.6695
3276860125,12.7463
3287669966,10.8087
3299739926,12.07
3310735456,10.9957
3323585964,12.85
3334380085,10.7943
3345769025,11.3887
3359113582,13.3439
3370824968,11.7111
3382701355,11.8761
3396563326,13.8619
3406466371,9.90291
3417531271,11.0649
3429282061,11.7506
3440631967,11.3498
3452058477,11.4264
3463387334,11.3251
3474949409,11.5653
3485990475,11.0411
3497970195,11.9795
3509739170,11.769
3522071043,12.3317
3532523731,10.4526
3544156670,11.6328
3555048444,10.8895
3567017886,11.9714
3578472279,11.4529
3590380054,11.9084
3601757793,11.3779
3612813706,11.056
3623976700,11.1629
3635598077,11.6212
3647171935,11.5722
3658713461,11.5417
3670361388,11.6486
3682140521,11.7793
3694975350,12.833
3706747180,11.7728
3718443618,11.6967
3729934529,11.49
3741921033,11.9868
3754400884,12.4796
3765825110,11.4238
3777228256,11.402
3789292045,12.065
3800835145,11.5429
3812719656,11.8844
3824828209,12.1084
3837171825,12.3433
3849644302,12.4723
3862327686,12.6833
3873237705,10.9098
3884961725,11.7236
3896909325,11.9476
3908703487,11.7939
3920642591,11.9375
3932028505,11.3865
3944400604,12.3721
3956784314,12.3836
3968131726,11.3473
3980165568,12.0336
3992216844,12.0511
4004183830,11.9655
4015898994,11.7158
4028211861,12.3122
4040831365,12.6198
4053447172,12.6155
4065047299,11.5978
4077480853,12.4356
4092356390,14.8755
4101652654,9.29608
4114169525,12.5167
4126298797,12.1292
4138672158,12.3732
4151092166,12.4191
4163280600,12.1886
4175325473,12.0448
4188193114,12.8663
4199735572,11.5426
4212112179,12.3767
4224828575,12.7165
4237454020,12.6254
4249960612,12.5065
4263123648,13.1629
4275447787,12.324
4288442226,12.9943
4300392922,11.9505
4313844651,13.4517
4326721760,12.8771
4339157839,12.4342
4351768115,12.6102
4364691681,12.925
4377797860,13.1059
4391082555,13.2848
4404144291,13.0616
4415979440,11.835
4429335740,13.3562
4442690436,13.3543
4454662823,11.971
4467089084,12.4271
4480037406,12.948
4493469348,13.4301
4505729015,12.2608
4519548256,13.8183
4532430394,12.8826
4544988753,12.5584
4557728893,12.7398
4571104129,13.373
4585710439,14.6085
4597991457,12.2809
4610679790,12.6882
4624091354,13.4114
4637711760,13.6203
4652531322,14.8193
4664865660,12.3341
4678812941,13.9472
4692441493,13.6281
4705851123,13.4095
4719422747,13.5712
4733723363,14.3002
4746829703,13.1065
4761807181,14.976
4775346816,13.5365
4788358016,13.012
4802387282,14.0305
4815325014,12.9382
4832269823,16.9442
4844719447,12.4499
4857539709,12.8201
4870360421,12.8205
4896149414,25.7887
4899567923,3.41825
4913200793,13.6309
4927905559,14.7051
4941777087,13.8719
4957347431,15.5698
4973780688,16.4313
4986836893,13.0558
5002693515,15.8575
5015998949,13.3047
5030793344,14.7937
5045008599,14.2162
5061151950,16.1431
5075417099,14.2628
5090223596,14.8081
5106114413,15.8907
5121603083,15.4885
5134050273,12.4466
5149681211,15.6303
5164293022,14.6119
5179691001,15.397
5194527946,14.837
5220658340,26.1301
5224813495,4.15552
5251118498,26.3045
5258171082,7.04777
5283353463,25.1869
5299138030,15.7844
5302862935,3.72108
5318665546,15.8047
5345486539,26.8214
5364234719,18.7481
5368584971,4.35025
5379131837,10.5454
5398192846,19.0609
5408591653,10.3988
5428069045,19.4757
5452682196,24.6145
5469039991,16.3578
5473281297,4.24072
5487298099,14.0146
5514202630,26.9064
5528848335,14.6456
5532726969,3.87802
5548191985,15.464
5562545079,14.3538
5576540611,13.9931
5593072463,16.5337
5605512460,12.4396
5619199181,13.6867
5634202779,15.0037
5647398516,13.1957
5662101008,14.701
5675082052,12.9819
5688428904,13.3465
5704085079,15.6562
5716139069,12.0537
5729014685,12.8752
5743716535,14.7016
5756632978,12.9166
5770618721,13.9854
5784717247,14.096
5798735361,14.0197
5811175628,12.439
5827299142,16.1241
5837272820,9.97382
5850697338,13.4232
5863646733,12.9498
5876423112,12.7761
5889889418,13.4663
5901453237,11.563
5913245154,11.7914
5926362575,13.1165
5937220465,10.8582
5949675009,12.4539
5961883961,12.2089
5973729800,11.8463
5985644508,11.914
5997881012,12.2367
6009871593,11.9906
6022303003,12.4313
6034375719,12.0726
6046662868,12.287
6058799734,12.1368
6071591953,12.7921
6082333034,10.739
6094260196,11.9281
6105754754,11.4949
6117506186,11.7516
6129206391,11.6997
6140893371,11.6868
6152819761,11.9265
6164500099,11.6803
6176287237,11.7869
6188071340,11.7841
6199796462,11.7249
6212077920,12.2815
6223380127,11.3021
6235256894,11.8767
6246630224,11.3726
6258340929,11.7109
6270489116,12.1476
6282710742,12.2217
6294446925,11.7359
6306920254,12.4733
6320346144,13.4261
6332496225,12.1491
6344755873,12.2591
6357215065,12.4596
6370480223,13.2647
6382579940,12.1
6394949253,12.369
6407425458,12.4762
6419993435,12.5672
6432642745,12.6495
6445615684,12.9732
6458612808,12.9964
6471449711,12.8369
6484600153,13.1504
6497370050,12.7698
6510652591,13.2823
6523226830,12.5741
6536422127,13.1945
6549029458,12.6072
6561649292,12.6201
6575155213,13.5059
6587072607,11.9158
6600105639,13.0344
6612919107,12.8134
6625812416,12.8924
6638567565,12.7553
6651668515,13.101
6665082964,13.4142
6678096719,13.0136
6693427523,15.3307
6704749576,11.3219
6717408144,12.6584
6730788549,13.3796
6743735258,12.947
6756730329,12.9946
6769680725,12.9507
6782755896,13.075
6795689060,12.933
6808636611,12.9474
6821389566,12.7523
6834202674,12.8133
6847120529,12.9171
6860018156,12.898
6872798302,12.78
6885415422,12.6169
6898543061,13.1275
6912040076,13.4968
6925171572,13.1309
6938197240,13.0256
6950359434,12.1624
6963370014,13.0104
6976597942,13.2277
6989585448,12.9873
7002255758,12.6703
7015270535,13.0147
7028520515,13.2499
7041333843,12.813
7054022487,12.6886
7067534880,13.5123
7080204358,12.6693
7093171747,12.9654
7106306359,13.1364
7119195420,12.8887
7131870138,12.6748
7143970235,12.1
7157954967,13.9832
7170387459,12.4332
7182866249,12.479
7196121849,13.2556
7208686540,12.5646
7222146204,13.4581
7235151493,13.0061
7248779564,13.6283
7261976143,13.1965
7275552227,13.5746
7289669988,14.1184
7302283291,12.6133
7316436249,14.1518
7329321382,12.8856
7342738867,13.4175
7356524725,13.7857
7370853303,14.3285
7384181149,13.3278
7398750069,14.5687
7411549251,12.7991
7426502695,14.9526
7440952050,14.4492
7453684978,12.732
7467525598,13.8415
7481113233,13.586
7497100641,15.9863
7508370637,11.2698
7521400443,13.0309
7535125205,13.7242
7551067088,15.9417
7563814793,12.7465
7578690139,14.874
7592768748,14.0795
7606829753,14.0576
7621426475,14.5998
7639737764,18.308
7651005876,11.2689
7665930446,14.926
7680223928,14.2923
7695572685,15.3488
7709784163,14.2119
7724242165,14.4568
7739270058,15.0288
7753041449,13.7714
7768959787,15.9182
7796332157,27.3718
7802532849,6.20043
7812454830,9.9206
7829584105,17.1299
7842915238,13.3302
7868714329,25.7989
7874358284,5.64377
7898905140,24.5474
7914609205,15.7037
7918500474,3.89129
7946939710,28.4386
7962828413,15.8887
7967755740,4.92688
7981388800,13.6303
8009515249,28.1281
8023478380,13.9632
8038348396,14.87
8042960200,4.61161
8069728764,26.7683
8085658594,15.9285
8099805361,14.1476
8103980172,4.17333
8118660081,14.6782
8138964068,20.3065
8160084600,21.1203
8175323380,15.2382
8191295710,15.9724
8195455133,4.1594
8220527107,25.0714
8226090029,5.56275
8239172824,13.0827
8266094186,26.9214
8278956447,12.8621
8293013494,14.0569
8306802538,13.7889
8310951020,4.14831
8324538505,13.5873
8337542201,13.0034
8352246206,14.7038
8364064723,11.8183
8379347767,15.2813
8390961188,11.6134
8404331404,13.3703
8417323850,12.9923
8431244751,13.9196
8444117051,12.8723
8458030308,13.9137
8471591302,13.5611
8483264847,11.6735
8497291788,14.0263
8511053511,13.7619
8520721273,9.66657
8532759444,12.0381
8544680113,11.92
8555598318,10.9187
8567976538,12.3776
8579356190,11.3793
8590277169,10.9212
8604786558,14.5091
8614412401,9.62601
8626508641,12.0944
8638823011,12.3148
8650453906,11.6314
8662330833,11.877
8672991173,10.6602
8685733428,12.7421
8708104412,22.3709
8710733737,2.62924
8721755916,11.0222
8733258550,11.5025
8744728822,11.4699
8755963412,11.2347
8767065803,11.1023
8778374010,11.3079
8789861886,11.4879
8800924452,11.0624
8811715868,10.7912
8823127810,11.4104
8833451507,10.3246
8844938691,11.4871
8856302203,11.3634
8867576837,11.2735
8879116731,11.5398
8889447651,10.3311
8900743425,11.2954
8912455202,11.7122
8923788116,11.3318
8934779007,10.9909
8946574101,11.795
8957840279,11.2651
8969493756,11.6539
8980764975,11.2712
8992902462,12.1357
9004205280,11.3041
9015914572,11.7092
9027117301,11.2025
9038663116,11.5444
9050474540,11.8113
9061275093,10.8015
9073003752,11.7283
9084216249,11.2125
9096589721,12.3735
9107989881,11.4
9119444995,11.455
9131064699,11.6175
9142516607,11.4539
9155348000,12.8313
9165892711,10.5446
9178337166,12.4439
9190233009,11.8962
9201661563,11.427
9213661572,12.0007
9225624421,11.963
9237950223,12.3248
9249081938,11.1318
9261783918,12.7021
9272954296,11.1702
9284477829,11.5233
9296974682,12.4968
9307998215,11.0232
9319652183,11.6538
9331378156,11.7256
9342651508,11.2723
9354649944,11.9988
9367270330,12.6198
9379169870,11.8994
9392195197,13.0249
9404726986,12.5319
9415682781,10.9556
9427663964,11.981
9439505856,11.8418
9451713545,12.2075
9463384325,11.6705
9475935210,12.5506
9487676432,11.7411
9499660721,11.9842
9511980963,12.32
9523818095,11.8369
9535752521,11.9343
9547722363,11.9697
9559807963,12.0841
9571765732,11.9584
9584612834,12.8472
9596913709,12.3006
9609697051,12.7833
9621531528,11.8343
9634270347,12.7357
9646271768,12.0031
9658567884,12.2965
9670852448,12.2835
9683091106,12.2393
9695877113,12.7854
9708298474,12.4214
9721614027,13.3155
9733580413,11.9662
9746263717,12.6822
9758315193,12.0516
9771291919,12.9764
9783997264,12.7053
9796774645,12.7775
9809199463,12.4246
9821006008,11.8064
9835086820,14.0805
9847429423,12.3424
9860345956,12.9151
9872888535,12.5432
9886271265,13.3827
9898949639,12.6783
9912620040,13.6703
9927347198,14.7269
9938938738,11.5914
9952436965,13.4982
9966302152,13.865
9980591316,14.289
9993965229,13.3738
10007298816,13.3324
10020773438,13.4751
10034455009,13.6813
10047794517,13.3396
10061337458,13.5428
10075051541,13.7137
10089155567,14.1037
10102538707,13.3828
10116195742,13.6548
10129573122,13.378
10142888955,13.3142
10157290431,14.4016
10170223855,12.934
10185113719,14.8881
10197882263,12.7695
10211373827,13.4922
10225135038,13.76
10241497993,16.3626
10255887876,14.3895
10270731233,14.8427
10284874583,14.1424
10299041878,14.1674
10316004159,16.9626
10328075012,12.0706
10342836845,14.762
10359093589,16.2561
10372069123,12.9753
10387266094,15.1971
10402337710,15.0701
10416842901,14.5054
10431185285,14.3425
10452166014,20.9809
10461523573,9.35538
10476694195,15.1704
10493950750,17.2577
10506740374,12.7883
10522432577,15.6922
10547883413,25.4508
10562736979,14.854
10580871385,18.1342
10585641176,4.7692
10609644640,24.0033
10628774749,19.1298
10632467494,3.68938
10644418561,11.95
10661214510,16.7994
10676003524,14.7887
10691021669,15.0177
10717706917,26.6855
10722793063,5.08378
10746333807,23.5407
10762142298,15.8086
10765531322,3.3886
10782337981,16.8061
10798337121,15.9995
10812365605,14.0281
10827509787,15.1436
10844474494,16.9649
10855733589,11.2588
10871670442,15.9353
10886393632,14.7237
10902925254,16.5316
10915754693,12.8294
10930850544,15.095
10944708097,13.8576
10958727273,14.0189
10972164164,13.4369
10987910088,15.7456
11002275907,14.3657
11015072494,12.7968
11029881415,14.8089
11042269965,12.3884
11055720322,13.4503
11069635412,13.915
11084051776,14.4163
11098645893,14.5938
11111524875,12.8749
11125226174,13.7046
11138658677,13.4321
11152927853,14.2651
11166787660,13.8633
11178397144,11.6095
11191137766,12.7402
11206183293,15.044
11217397684,11.215
11230587781,13.1903
11242491860,11.9039
11255560729,13.0671
11267328802,11.7685
11279845653,12.5171
11293560957,13.7155
11303702281,10.1404
11316194295,12.4923
11327478477,11.284
11339645941,12.1673
11363200852,23.5546
11365299859,2.09916
11377523649,12.2235
11389558534,12.0348
11401515141,11.9558
11413320864,11.8059
11425500581,12.1799
11437057417,11.5565
11449212046,12.1545
11461448981,12.2368
11473863048,12.4139
11483993070,10.1298
11495685090,11.6919
11507096903,11.4115
11519200907,12.1038
11529827202,10.6262
11541429433,11.6021
11553793266,12.3636
11564791812,10.9981
11576645495,11.8536
11589209946,12.564
11610367217,21.1572
11612556665,2.18933
11624527348,11.9681
11636519653,11.9938
11648596626,12.0769
11660718484,12.1183
11673971891,13.2563
11685138883,11.1672
11697479322,12.3402
11709380555,11.901
11721975854,12.5951
11734539372,12.5633
11746231993,11.6924
11758359852,12.1277
11770988994,12.629
11783583822,12.5947
11796472803,12.8869
11809004211,12.5317
11820966389,11.9628
11833599027,12.6326
11846807048,13.2078
11858528423,11.7186
11870595859,12.0695
11882945295,12.3494
11895723006,12.7778
11908224017,12.5009
11919846917,11.6228
11931774179,11.9272
11944046821,12.271
11956114377,12.0682
11968812288,12.698
11981421252,12.6077
11994272182,12.8508
12006721285,12.4497
12019735782,13.0145
12031363190,11.6273
12044153315,12.7887
12056679273,12.5263
12070870192,14.1908
12081662840,10.7922
12094370951,12.708
12106830404,12.4588
12119153120,12.3223
12132368665,13.2154
12144436601,12.0675
12156861169,12.4246
12169021569,12.1581
12181247283,12.2279
12193605064,12.3577
12205856065,12.2508
12218041162,12.185
12231021174,12.979
12242915985,11.8946
12256194108,13.2781
12268221108,12.0267
12280637349,12.4162
12293806497,13.1689
12306307097,12.5003
12319381086,13.0743
12331339256,11.9571
12343615294,12.2761
12356076430,12.4614
12369883618,13.8066
12382217565,12.3341
12395366685,13.1484
12407942938,12.576
12420647131,12.7044
12433751387,13.1039
12445890968,12.1393
12458954788,13.0639
12471562890,12.6078
12484201690,12.6384
12497459475,13.2579
12510181181,12.7213
12522871819,12.6907
12535657125,12.7846
12549046296,13.3893
12561720693,12.6737
12574838104,13.1176
12588275777,13.4367
12601490981,13.2155
12616066203,14.575
12627968749,11.9018
12641892465,13.9236
12656625494,14.7329
12669338394,12.7041
12682458349,13.1286
12697484229,15.0241
12710104665,12.6212
12723681720,13.5772
12737332583,13.6508
12750983738,13.6511
12764809210,13.8253
12777911231,13.1017
12791513433,13.6022
12806016329,14.5025
12820116869,14.1005
12833527150,13.4081
12847054942,13.5281
12861465334,14.411
12874668897,13.2024
12889233800,14.5623
12902514848,13.2822
12916239971,13.7255
12931161495,14.9194
12946371100,15.2104
12961154413,14.7834
12976190452,15.0366
12989776725,13.5851
13005187428,15.4111
13019616585,14.4293
13033582361,13.9659
13048691508,15.1083
13064868432,16.1772
13078338476,13.4703
13094258918,15.9192
13106781881,12.5225
13122422246,15.6399
13139118227,16.6962
13151409323,12.2914
13166233734,14.8231
13184862650,18.6274
13196710413,11.8466
13211603212,14.8937
13239029303,27.4273
13257244080,18.2142
13262505015,5.26014
13284836475,22.3317
13289312934,4.47574
13315769131,26.4562
13333433823,17.6641
13346902004,13.4683
13352251865,5.34822
13377679107,25.4283
13381534699,3.85587
13413065349,31.5292
13420591925,7.526
13432262825,11.6714
13447668970,15.4061
13473680511,26.0119
13489205028,15.5239
13493300020,4.09467
13519300790,26.0009
13523374983,4.07435
13548773150,25.3971
13553266792,4.49309
13566664189,13.3981
13584642501,17.9781
13595844679,11.2019
13610333549,14.4888
13624220246,13.8867
13638395556,14.1752
13652704748,14.3094
13667335054,14.6302
13680299116,12.9639
13695297855,14.995
13711625783,16.331
13721471100,9.84548
13735200822,13.7293
13750711343,15.5103
13762775703,12.064
13776771756,13.9957
13791228074,14.4561
13804628858,13.4006
13818699521,14.0702
13831371644,12.6723
13843980287,12.6084
13857016024,13.0343
13871937317,14.9219
13882540810,10.6024
13894943496,12.4019
13908110810,13.1674
13920934488,12.8223
13932766752,11.833
13944448111,11.6821
13958039293,13.5908
13969003834,10.9647
13981580638,12.5767
14003781612,22.201
14005899535,2.11636
14018630479,12.7318
14040878431,22.2475
14042742587,1.86455
14055377791,12.635
14067118151,11.7403
14079263514,12.145
14091355666,12.0922
14104020375,12.6646
14115253682,11.2331
14127381721,12.1278
14138420562,11.0389
14150545005,12.1244
14161147897,10.6026
14172690916,11.543
14184515565,11.8246
14196530542,12.0112
14207943116,11.4158
14220555988,12.6128
14231569561,11.0135
14243421442,11.8516
14255937802,12.5152
14267277228,11.3399
14279378147,12.1001
14291695833,12.3182
14302982430,11.2864
14315515492,12.5328
14327238860,11.7233
14339501824,12.2619
14352048460,12.5468
14363961997,11.9133
14376195926,12.2339
14388696285,12.5002
14400737442,12.041
14413089593,12.3518
14425508720,12.4192
14438228873,12.72
14450967060,12.7368
14463113785,12.1473
14475623613,12.51
14488530367,12.9065
14500446518,11.9158
14512886505,12.44
14525610325,12.7225
14537781155,12.1712
14550262780,12.4816
14563036293,12.7725
14574554686,11.5186
14586896268,12.3418
14599408019,12.5105
14611666624,12.2588
14625330352,13.6636
14636395453,11.065
14649127188,12.7317
14661708840,12.5814
14673953139,12.244
14686947187,12.994
14699673943,12.7243
14712052293,12.3804
14724307252,12.2549
14737783777,13.4762
14749749512,11.9655
14762861963,13.1112
14775350180,12.4887
14788089008,12.7383
14800882480,12.7929
14813295125,12.4128
14825420289,12.125
14839798420,14.3778
14850858712,11.0605
14863192989,12.3342
14875453077,12.2597
14888032506,12.5794
14900333721,12.3001
14912362124,12.0286
14925380017,13.0181
14938025940,12.6452
14950254419,12.2288
14962530297,12.2756
14975183985,12.6535
14988709633,13.5256
15001017611,12.308
15013778952,12.7601
15026360875,12.5823
15039421980,13.0611
15051868478,12.4465
15064828323,12.9597
15077624869,12.7961
15090940473,13.3154
15104548446,13.608
15116858277,12.3098
15128585814,11.7273
15141099749,12.5138
15153870578,12.7701
15167065454,13.1948
15179768375,12.7029
15192852262,13.083
15205841191,12.9873
15219351430,13.5124
15232279023,12.9267
15245285746,13.0068
15257970763,12.685
15270898877,12.928
15284362930,13.464
15297932480,13.5693
15312082593,14.1501
15325333965,13.2511
15339549491,14.2154
15352419376,12.8688
15365301574,12.8826
15378960553,13.6588
15392891774,13.9307
15406427541,13.5356
15419761960,13.3348
15434166210,14.4041
15447446958,13.2807
15461294311,13.847
15475947320,14.6529
15489777270,13.8282
15502539012,12.7628
15517743126,15.2039
15530813599,13.0682
15543961577,13.1494
15560633622,16.6712
15574258016,13.622
15586848466,12.5918
15601860780,15.0118
15615722330,13.8622
15630806830,15.0839
15646222853,15.4158
15660472403,14.2496
15674283568,13.8099
15689727254,15.4442
15703730059,14.0026
15718244798,14.513
15736054613,17.8117
15748266480,12.2108
15761186359,12.9197
15776802860,15.6162
15792126039,15.3224
15810126413,18.0005
15820759240,10.6323
15835454849,14.6955
15863834073,28.3797
15876802243,12.9679
15891728956,14.9263
15907688602,15.9597
15922656182,14.9676
15928096904,5.44023
15953225404,25.1282
15959590075,6.36278
15974711364,15.1221
16000455752,25.7438
16015174925,14.7197
16029949452,14.7717
16034479172,4.53189
16062675562,28.1962
16069855315,7.17952
16079812391,9.9572
16096801714,16.9884
16110788349,13.9864
16126751171,15.9626
16143589379,16.8357
16167406884,23.8124
16172279177,4.87695
16186697114,14.4189
16202704499,16.007
16216740888,14.0365
16231423993,14.681
16249177332,17.7546
16261410580,12.2334
16275970073,14.56
16290307708,14.3369
16305642368,15.3348
16318999279,13.356
16336459968,17.4614
16347416244,10.9564
16361234853,13.8179
16379111975,17.8755
16389663440,10.552
16403304175,13.6406
16417167167,13.8634
16431110611,13.9433
16445783477,14.6713
16459298305,13.5152
16473293526,13.9953
16486239224,12.9448
16500502139,14.2638
16513276644,12.7742
16528078482,14.7977
16539931014,11.8544
16553120830,13.1897
16565524338,12.4027
16577900575,12.3767
16590219042,12.3189
16602517873,12.2987
16614979470,12.4608
16627747153,12.7678
16639339004,11.5919
16661420313,22.0807
16673249521,11.8295
16675200721,1.95103
16688576567,13.3756
16701375378,12.7978
16713726888,12.3519
16726137109,12.4101
16748456946,22.3176
16750248716,1.79391
16762194092,11.9452
16774759705,12.5652
16786610032,11.8491
16798863879,12.2543
16810384195,11.5205
16822321887,11.9375
16833829981,11.5081
16845821363,11.9906
16857308377,11.4869
16868755296,11.4471
16880721411,11.9659
16892849822,12.1284
16904861312,12.0113
16917459306,12.5979
16928880446,11.4211
16940902416,12.0219
16952913075,12.0101
16965761259,12.8485
16977110925,11.3483
16989456524,12.3458
17001936134,12.4791
17014291391,12.3552
17026297311,12.006
17038642219,12.3441
17050974433,12.3321
17063203192,12.2288
17075773553,12.5694
17088131205,12.3574
17100696306,12.5653
17112625602,11.9291
17125056502,12.4303
17137436184,12.3799
17150334433,12.898
17162393503,12.0579
17174371911,11.9783
17186966057,12.5941
17199891276,12.9244
17211744840,11.8538
17224724010,12.9794
17237022731,12.2981
17249423133,12.3982
17261200463,11.7796
17273994855,12.7935
17286574104,12.5794
17299071087,12.4972
17311706351,12.6347
17324057250,12.3509
17336843137,12.7857
17349753959,12.9105
17363089349,13.3354
17375297078,12.2077
17387870616,12.5732
17402604346,14.7339
17413563758,10.9594
17426213118,12.6492
17439065510,12.8522
17452001279,12.9345
17464258271,12.2577
17476598810,12.3405
17489119989,12.5211
17502423259,13.3032
17514321737,11.8984
17526704957,12.3831
17539396416,12.6912
17552047981,12.6515
17564630996,12.583
17577288732,12.6576
17590106599,12.8178
17602603953,12.4957
17615227855,12.6245
17627608801,12.3812
17639947276,12.3385
17652890779,12.9434
17665938889,13.0478
17678306299,12.366
17691443086,13.1372
17704075865,12.632
17716713303,12.6377
17730449066,13.7359
17743351272,12.9021
17755121889,11.7685
17768067046,12.9468
17780667133,12.5986
17793631035,12.9646
17806047747,12.417
17819221233,13.172
17831697859,12.4774
17845620564,13.9227
17857300791,11.6794
17870801202,13.5005
17884506408,13.7051
17897254033,12.7477
17910380039,13.1257
17924043006,13.6628
17936871603,12.8284
17950831658,13.9599
17964158522,13.3257
17978260785,14.1025
17993152633,14.8915
18005943980,12.7912
18019275453,13.3316
18033015584,13.74
18046639798,13.6241
18060108609,13.4687
18073229737,13.121
18087548036,14.3183
18101666970,14.119
18114693189,13.0261
18128325778,13.6323
18142901882,14.5739
18156897504,13.9967
18169517088,12.6195
18184294911,14.7766
18198219620,13.9241
18211809028,13.5896
18225532388,13.7234
18240352310,14.8184
18254923255,14.572
18269829399,14.9038
18285877702,16.0488
18300058783,14.1808
18315985988,15.9275
18329886270,13.8998
18344531454,14.6446
18358827812,14.2964
18373951946,15.1244
18388136965,14.1839
18404084337,15.9474
18421869437,17.7854
18432185198,10.3144
18450409513,18.224
18463348307,12.939
18477209186,13.8605
18492975298,15.7655
18517672627,24.6969
18533222342,15.5503
18536948280,3.72514
18553918025,16.9693
18578951807,25.0343
18584039776,5.08784
18610239742,26.1996
18617222715,6.9813
18629484196,12.262
18645544290,16.0594
18663211107,17.6663
18687568226,24.3573
18695910787,8.34247
18716724081,20.8134
18721098438,4.37416
18736180012,15.0782
18757897297,21.7192
18783317806,25.4179
18787208534,3.89327
18802086545,14.8772
18818827541,16.7405
18843572349,24.7454
18847892474,4.31651
18874326600,26.4364
18878322014,3.99552
18892692020,14.3698
18907775519,15.0834
18932819069,25.0433
18936249701,3.4305
18950157688,13.9054
18967778007,17.6218
18980562722,12.7844
18993948197,13.3842
19007757438,13.8088
19021258059,13.5009
19036372185,15.1142
19048782456,12.4098
19062864120,14.0816
19076968767,14.1046
19090321049,13.3519
19104596898,14.2753
19118330167,13.7337
19133592040,15.2617
19145529962,11.937
19159471713,13.9417
19174395040,14.9232
19186235419,11.8401
19199425876,13.1893
19212423321,12.998
19225665797,13.2419
19237699269,12.0341
19250972773,13.2732
19262784127,11.8116
19276798604,14.0143
19288081334,11.2799
19300678386,12.5996
19312909038,12.2306
19325039693,12.1306
19338421821,13.382
19349836950,11.4149
19372798535,22.9614
19374674062,1.87543
19387606595,12.9303
19400149345,12.5441
19412331666,12.1819
19424183767,11.852
19436091693,11.9078
19448862191,12.7705
19460331662,11.4694
19472187740,11.8559
19484069346,11.8814
19496031905,11.9626
19508004101,11.9721
19519839981,11.8358
19531646406,11.8062
19544749089,13.1017
19555554681,10.8059
19567527068,11.9723
19579539380,12.012
19592001789,12.4624
19604018218,12.0162
19616546230,12.5275
19628424120,11.8777
19640728120,12.3039
19653155944,12.4277
19665388670,12.2325
19677469251,12.0804
19690069318,12.5987
19702277849,12.209
19714664275,12.3864
19727095955,12.4315
19740126973,13.0308
19752573532,12.4463
19764939680,12.366
19777733541,12.7937
19790648241,12.912
19803533865,12.8878
19816434999,12.9012
19828284665,11.8496
19841801266,13.5141
19853506761,11.7068
19866461756,12.9552
19878901492,12.4397
19892293779,13.3921
19904222203,11.9283
19917235067,13.0126
19929161939,11.9267
19942348068,13.1852
19954059144,11.7113
19966553773,12.494
19979373674,12.8198
19992172375,12.7981
20004940909,12.7686
20018034845,13.0934
20031691881,13.6566
20043446017,11.7543
20057825972,14.3799
20069017180,11.1912
20081714139,12.6968
20094916970,13.2027
20107327652,12.4105
20119740507,12.4128
20132395508,12.6549
20145005474,12.6098
20157573791,12.5682
20170246656,12.6727
20182765030,12.5182
20195481606,12.7166
20207792570,12.3108
20220384772,12.5921
20233140843,12.7559
20246772230,13.6313
20258850897,12.0785
20271236521,12.3855
20284196245,12.9593
20296690834,12.4929
20309019872,12.3309
20321776694,12.7567
20334872073,13.0938
20347424861,12.5535
20360382782,12.9576
20373083789,12.6997
20385914420,12.831
20399919680,14.0052
20411612552,11.6931
20424509908,12.896
20437190758,12.6816
20450276428,13.0858
20463139050,12.8622
20476451256,13.3123
20488632536,12.1812
20501098081,12.4654
20514297635,13.198
20527495457,13.1985
20540075677,12.5805
20553469978,13.3932
20566458847,12.9892
20579618827,13.1599
20593534249,13.9153
20607177408,13.6429
20619743011,12.5654
20634507689,14.7641
20647475728,12.9679
20660767357,13.2915
20674559957,13.79
20688498451,13.9401
20701963676,13.4651
20715254493,13.2906
20729400738,14.1459
20742886882,13.4863
20756921527,14.0347
20771276525,14.3527
20784253351,12.9772
20798600825,14.3456
20811606826,13.0071
20827080127,15.4737
20839058946,11.9781
20852702977,13.6442
20867069126,14.3662
20881068635,13.9995
20895392876,14.3237
20910388158,14.9938
20924376787,13.9893
20940355058,15.9786
20954920001,14.5636
20970783526,15.8612
20985131330,14.3494
21000352948,15.2214
21014043146,13.6898
21028343561,14.3007
21043992372,15.6489
21057184042,13.1915
21074569820,17.3855
21086541767,11.9718
21104177735,17.636
21116593586,12.4154
21132254250,15.6582
21148401178,16.1473
21160908471,12.5068
21176729356,15.8214
21204276254,27.5465
21207937620,3.66142
21234702147,26.7645
21241512877,6.8104
21254037382,12.5236
21284440392,30.4028
21298712815,14.2697
21303914518,5.19977
21317542418,13.6308
21334957692,17.4163
21359936651,24.9786
21374954095,15.0175
21378922378,3.96812
21411421330,32.4989
21421579956,10.1584
21424920308,3.33693
21442203643,17.2857
21458076165,15.8724
21472658391,14.5819
21486629487,13.9708
21513029248,26.4002
21516710211,3.68065
21532503163,15.7928
21547585068,15.0795
21562874974,15.2912
21578845831,15.971
21591975054,13.1284
21606669260,14.6945
21622806290,16.1369
21635033957,12.2268
21650036212,15.0013
21663945391,13.9094
21678383285,14.437
21694062985,15.6803
21705681616,11.6185
21720221472,14.5397
21734236180,14.0134
21748173212,13.9376
21762471623,14.2977
21777112599,14.6411
21791759977,14.6466
21804253674,12.4913
21818328025,14.0755
21830959691,12.632
21844914537,13.9543
21860011911,15.0962
21871753795,11.742
21884018822,12.2659
21896513641,12.4943
21910502992,13.9888
21922986440,12.4838
21934093639,11.1077
21946742499,12.6479
21959553803,12.8112
21971464103,11.9107
21983944856,12.4797
21996578337,12.6339
22009061063,12.4825
22022959914,13.8986
22034759706,11.8
22046872988,12.113
22059133226,12.2601
22071684171,12.5503
22084302092,12.618
22096624798,12.323
22108158189,11.5331
22119899692,11.7414
22132121688,12.2215
22146113193,13.9913
22155570539,9.45754
22167616334,12.0457
22180285903,12.6691
22192174983,11.8886
22204374557,12.1996
22216226067,11.8516
22228355459,12.1289
22240306936,11.9515
22252442049,12.1353
22264606217,12.1641
22276774452,12.1681
22289116745,12.3421
22301794649,12.6769
22313805638,12.009
22326580464,12.7765
22339581025,13.001
22352392249,12.8111
22364399091,12.0065
22376817988,12.4176
22389633681,12.8156
22402281308,12.6481
22414152755,11.8712
22426878569,12.7249
22438859973,11.9814
22451293787,12.4336
22464365502,13.0717
22476942376,12.5767
22489827930,12.8854
22502445240,12.6173
22515313582,12.8681
22529147359,13.8337
22540588818,11.4414
22553674799,13.0859
22565924999,12.2501
22578392266,12.4661
22591269876,12.8782
22603931489,12.6617
22616259525,12.3279
22629538469,13.2789
22641863850,12.3252
22654300810,12.4369
22667136150,12.8351
22680149986,13.0125
22693135628,12.9863
22706122704,12.987
22718805066,12.6823
22731016382,12.2111
22745171745,14.1552
22756430209,11.2583
22769615307,13.1836
22784099698,14.4851
22794962017,10.8623
22807812546,12.8502
22820644319,12.8292
22833109162,12.4672
22845756739,12.6472
22858835947,13.0783
22871058685,12.223
22883735467,12.6761
22896893233,13.1578
22909610110,12.7163
22922082818,12.4728
22934829010,12.7461
22947635907,12.8069
22961649713,14.0135
22973775078,12.1253
22986674829,12.8997
22999492105,12.8172
23012036427,12.5442
23025635834,13.5991
23038366367,12.7304
23051488366,13.1221
23064569769,13.0811
23076938541,12.3688
23090092460,13.1538
23103030102,12.936
23115238694,12.2093
23128176717,12.9381
23140460449,12.2834
23154782726,14.3222
23166551560,11.7687
23180805688,14.2526
23192700349,11.8954
23205858035,13.1567
23218597995,12.7403
23232101592,13.5035
23244982808,12.8812
23258405292,13.4224
23271377390,12.9718
23285119314,13.7419
23298562347,13.4429
23313031811,14.4693
23325948213,12.9144
23339235413,13.2888
23353022903,13.7874
23366899121,13.8762
23380996164,14.0969
23394942954,13.9467
23408315194,13.3717
23421502405,13.1873
23436415232,14.9127
23449159200,12.7414
23463761113,14.6021
23477775440,14.0147
23491578250,13.8025
23504262636,12.6846
23518565155,14.3016
23532673068,14.1082
23545987890,13.3142
23561642432,15.6532
23576461533,14.8167
23590164545,13.7042
23606256990,16.0932
23619700364,13.4418
23635301024,15.5999
23652680972,17.3817
23665078488,12.3968
23681544727,16.4655
23695239753,13.695
23710534128,15.2947
23725190032,14.6554
23740481602,15.2918
23754881053,14.3991
23772863293,17.982
23786645975,13.7823
23799964082,13.3179
23814347905,14.382
23831094120,16.7448
23845665395,14.5724
23862847680,17.1819
23875616866,12.7701
23902967605,27.3504
23922038823,19.0713
23925836556,3.79773
23951453154,25.6163
23956420175,4.96554
23982298045,25.8786
24000144399,17.8435
24013476523,13.333
24028538922,15.0624
24033047551,4.50768
24048247689,15.2
24076997830,28.7495
24093271166,16.2738
24097838196,4.56608
24110352311,12.5135
24126954906,16.601
24143779649,16.826
24158521004,14.741
24172806271,14.2851
24188209731,15.4037
24214799790,26.5899
24220007143,5.20753
24232969001,12.9616
24249264859,16.2958
24264330494,15.0654
24277556138,13.2256
24292294647,14.7371
24306608558,14.3143
24320113577,13.5046
24338328294,18.2122
24348788056,10.4618
24362962264,14.1743
24376985258,14.0221
24391397944,14.4128
24406882757,15.4844
24419936698,13.0537
24433532519,13.5953
24447993466,14.4607
24464132349,16.139
24476623752,12.4902
24491366379,14.7418
24503685047,12.3198
24518078357,14.3896
24530519726,12.4437
24543649550,13.13
24557772061,14.1222
24569896143,12.1228
24582492443,12.5973
24594996710,12.504
24607559077,12.5625
24621837681,14.2785
24632689290,10.8508
24655243389,22.5545
24657431113,2.1878
24670323240,12.8909
24682549484,12.2267
24696049925,13.5005
24708562768,12.5127
24720944084,12.3813
24744355565,23.4111
24746143308,1.78753
24758542277,12.3986
24770792586,12.2502
24782988103,12.1954
24796742892,13.7546
24807407710,10.6647
24819255292,11.8474
24831697723,12.4424
24844226777,12.527
24855954373,11.7291
24868315722,12.3613
24880341219,12.0254
24893210001,12.8687
24904928070,11.7175
24916921867,11.9938
24928942635,12.0205
24941993621,13.0485
24954094289,12.1025
24966645875,12.5504
24979075041,12.4294
24992005249,12.9301
25004158426,12.1531
25017075780,12.917
25029640762,12.5649
25041829886,12.1889
25054629810,12.7997
25067272117,12.6424
25080275853,13.0037
25092999693,12.7238
25106825516,13.8255
25119234364,12.4089
25132101674,12.8672
25145126420,13.0231
25158344901,13.2192
25172023697,13.6782
25184175391,12.1507
25196894202,12.72
25210108855,13.2145
25222482657,12.3736
25235208220,12.7255
25248053228,12.8447
25260504326,12.4511
25273246871,12.7405
25285842901,12.5978
25299240849,13.3979
25312553306,13.3123
25325765385,13.212
25337797063,12.0316
25350533056,12.7339
25363618456,13.0873
25376891560,13.273
25390127082,13.2354
25403199929,13.0728
25415821557,12.6215
25431071508,15.2498
25442145415,11.0738
25454909331,12.7638
25467486084,12.5766
25480509087,13.0227
25493484801,12.9758
25506318718,12.8338
25518921441,12.6009
25531270646,12.3502
25544505738,13.2354
25556588332,12.0825
25569868459,13.2787
25582619330,12.7513
25595897663,13.2782
25608514602,12.6169
25621620881,13.1062
25634591946,12.9709
25647443337,12.8512
25660522946,13.078
25674026492,13.5041
25685874245,11.8472
25699192042,13.3178
25712325563,13.1337
25725381177,13.0553
25748476033,23.0946
25750618973,2.14285
25763587253,12.9682
25776947199,13.3593
25789755108,12.8082
25802987254,13.2257
25815220832,12.239
25827882145,12.6611
25840746289,12.8639
25854173141,13.4245
25867608389,13.4371
25880110653,12.5023
25893483173,13.3722
25907533227,14.0499
25920030131,12.496
25934294789,14.2646
25946604821,12.3099
25960204689,13.5996
25973787544,13.5825
25987825566,14.0375
26001623607,13.7983
26015045139,13.421
26029054607,14.0093
26042287084,13.2322
26055878316,13.5912
26070546573,14.668
26084408614,13.8617
26097474647,13.0661
26111698859,14.2236
26124766897,13.0684
26139183551,14.4148
26153600335,14.4174
26166224037,12.6214
26183014195,16.7897
26194397073,11.3839
26208028170,13.6304
26223826432,15.7981
26237922994,14.0956
26251819319,13.8966
26267207751,15.3851
26284204598,16.999
26297349600,13.1451
26314190363,16.8404
26327382093,13.1921
26343222354,15.8401
26357966725,14.7425
26372814570,14.8491
26388292389,15.4777
26405377181,17.0848
26418084340,12.7045
26433537894,15.4544
26450626554,17.0896
26463118337,12.4892
26479836239,16.7171
26492607649,12.7718
26512598276,19.9904
26523649911,11.0516
26537944355,14.2945
26556322620,18.376
26581530670,25.2093
26587930627,6.39998
26614124951,26.1942
26630144710,16.0197
26633979512,3.83366
26661392689,27.4128
26677899665,16.5072
26693077470,15.1776
26697191317,4.11427
26727095940,29.9046
26741023755,13.9274
26744828410,3.8035
26761239806,16.4114
26775488093,14.2485
26792092131,16.6023
26807962248,15.8686
26824310916,16.3504
26838365940,14.0558
26852772685,14.4052
26868543997,15.7653
26884188800,15.6508
26898612317,14.4235
26924138375,25.5259
26928307135,4.16711
26942126346,13.82
26958379424,16.253
26971536398,13.157
26987254961,15.7186
27002497228,15.2422
27014976187,12.4772
27028449447,13.4742
27043011124,14.5606
27056902169,13.8915
27071464076,14.5612
27085303174,13.839
27101841157,16.5372
27114253502,12.4118
27128319957,14.0671
27143397845,15.0773
27156532828,13.1352
27171164817,14.6319
27185074137,13.9092
27196835537,11.7615
27211776597,14.9397
27223566691,11.7907
27236582921,13.0158
27249911890,13.3287
27262023739,12.1121
27274289377,12.2656
27288923490,14.6337
27300215007,11.2904
27312294946,12.0804
27325111631,12.8165
27337718781,12.6071
27351328818,13.6095
27363504728,12.1759
27376269115,12.7614
27389157324,12.8902
27401699192,12.5415
27414206084,12.5072
27426425195,12.2191
27438962434,12.537
27451249653,12.2873
27464604600,13.3542
27475910614,11.306
27488118324,12.2069
27500427915,12.3097
27512684085,12.2556
27524553318,11.8691
27536791745,12.2386
27548560229,11.7684
27562583493,14.0232
27574083582,11.5
27586518008,12.4343
27598887792,12.3689
27611213874,12.3262
27623248718,12.0347
27636038453,12.7896
27648415721,12.3772
27661199885,12.7841
27673829327,12.6292
27686931890,13.1026
27700029172,13.0965
27711889929,11.8607
27724771176,12.8797
27738044730,13.2738
27750270663,12.2263
27763014451,12.7429
27775739664,12.7255
27788664492,12.9247
27801635046,12.9704
27814387140,12.7519
27826903299,12.5162
27840743108,13.8397
27852662255,11.919
27866181391,13.5188
27879169388,12.9822
27892018033,12.8541
27904758815,12.7406
27917621196,12.8625
27930786917,13.1653
27943636404,12.8496
27957425658,13.7876
27969681818,12.257
27983034331,13.3525
27997875643,14.8412
28009337240,11.4612
28022989386,13.651
28035761677,12.7729
28048637944,12.8762
28062095654,13.4569
28076051802,13.9564
28088114449,12.0626
28101330144,13.2156
28114294837,12.9645
28127077288,12.7823
28140071266,12.9938
28153305707,13.2343
28165836143,12.5291
28178388220,12.5526
28191211187,12.8231
28205433415,14.2219
28217107501,11.674
28229896864,12.7892
28242988466,13.0913
28256107951,13.1193
28269351799,13.2438
28283383058,14.0297
28295644709,12.2622
28308850466,13.2059
28321687408,12.8367
28335256639,13.5681
28347545491,12.2892
28360204499,12.6591
28372973935,12.7689
28386485136,13.5087
28399155385,12.6726
28412433197,13.2776
28424735545,12.3025
28437894834,13.1592
28451880237,13.9853
28464942904,13.0626
28476820683,11.8776
28489987316,13.1664
28502290005,12.3026
28515749578,13.4592
28528440577,12.6912
28542059070,13.6184
28554664517,12.6054
28568450014,13.7854
28581101528,12.6499
28594719130,13.6184
28608168635,13.4494
28621219089,13.0503
28634564628,13.3455
28649376255,14.8113
28662054430,12.6781
28676031707,13.9733
28690453110,14.4243
28703252803,12.7993
28716763152,13.5083
28732467668,15.7057
28744514325,12.0463
28759100177,14.5854
28773537470,14.4356
28786480562,12.9432
28801920321,15.4394
28814755250,12.8349
28827748366,12.9929
28842535096,14.786
28856675982,14.1403
28869926903,13.2516
28884392189,14.4641
28899027293,14.6309
28912831105,13.8086
28928015332,15.1832
28943249744,15.2352
28960224099,16.9729
28975930318,15.7057
28988702599,12.7718
29005883792,17.1817
29018790667,12.9064
29034973062,16.182
29049107685,14.1348
29064605352,15.4977
29079105553,14.4996
29096095327,16.99
29113515860,17.4207
29124058628,10.5417
29139101129,15.0431
29156439789,17.3375
29171124928,14.6847
29185333450,14.2083
29203069727,17.7367
29217793519,14.7224
29245374101,27.5809
29249563530,4.18794
29265273186,15.7102
29298347620,33.0744
29301950616,3.60095
29325484508,23.5355
29341441378,15.9564
29356395483,14.954
29372149723,15.7541
29390941655,18.7916
29404106084,13.1628
29408950485,4.84483
29435294461,26.3447
29450556555,15.2621
29466477508,15.921
29470294878,3.81716
29487120462,16.8253
29501159025,14.0387
29527798577,26.6395
29533489240,5.69055
29546494489,13.0051
29563721038,17.2263
29576873304,13.1521
29591907439,15.0342
29607015373,15.1078
29620529911,13.5141
29634622535,14.0928
29649738134,15.1155
29663530263,13.7904
29679833956,16.3027
29695881918,16.0492
29706647295,10.7655
29721893289,15.2454
29735887127,13.9941
29750302238,14.4123
29764005861,13.7052
29778325573,14.3193
29793159011,14.8335
29808998571,15.8397
29821164572,12.1658
29835451542,14.2869
29849695701,14.2438
29862285049,12.5882
29876658832,14.374
29889642701,12.9831
29902323791,12.6816
29914786590,12.461
29927478110,12.6929
29940358064,12.88
29963228978,22.8707
29965581863,2.35277
29978055122,12.4732
29991589316,13.5341
30013774901,22.1854
30016348902,2.57361
30029466463,13.1177
30053041942,23.5754
30055068484,2.02503
30067799768,12.7318
30091439929,23.6405
30093402320,1.9612
30116667616,23.2656
30118463874,1.79613
30130922836,12.4584
30143644482,12.7216
30155732136,12.0876
30168287760,12.5553
30180648577,12.3607
30193736552,13.088
30206317754,12.5811
30218486230,12.1684
30230807914,12.3214
30243577219,12.7694
30255763699,12.1864
30268545779,12.7801
30280981116,12.4361
30293435359,12.4525
30305967349,12.5336
30319652978,13.6854
30332012573,12.3589
30344701117,12.6889
30357503755,12.8027
30370391844,12.888
30383233085,12.8411
30396376064,13.1421
30409034501,12.658
30422171528,13.1351
30435084424,12.9148
30448420135,13.336
30461984626,13.5631
30475337930,13.3542
30488345775,13.008
30501515293,13.1694
30514417379,12.902
30527898914,13.4799
30541873546,13.9756
30553713384,11.8399
30567230095,13.5166
30579919631,12.6895
30592701671,12.7819
30606181052,13.4792
30619236426,13.0551
30632439607,13.2031
30645327336,12.8876
30658539905,13.2124
30673451320,14.9113
30685563169,12.1118
30699039625,13.4747
30712007884,12.969
30725599076,13.5906
30739401294,13.8027
30751897376,12.496
30764890212,12.9918
30778210624,13.3209
30791450135,13.2393
30806540656,15.0902
30817350236,10.8095
30830068015,12.7177
30842749635,12.6814
30855404195,12.6542
30868573634,13.1683
30881480859,12.9076
30894260594,12.7797
30906780391,12.5196
30920176385,13.3961
30933108667,12.9293
30946320014,13.214
30958675792,12.3558
30971551258,12.8753
30984760010,13.2086
30998277342,13.5172
31011053721,12.7763
31024268274,13.2129
31037943263,13.6756
31049902085,11.9589
31063140353,13.2384
31076188332,13.0464
31088975422,12.7881
31101783480,12.8081
31114696296,12.9126
31128027138,13.3308
31140537707,12.5105
31153155628,12.6179
31165806871,12.6509
31180428581,14.6216
31192666618,12.2369
31205450300,12.7841
31218635218,13.185
31231135107,12.4998
31244519820,13.3845
31258011464,13.4915
31271148141,13.1364
31285352866,14.2048
31298746576,13.3924
31312407178,13.6612
31325429289,13.0222
31340095683,14.665
31352622122,12.5268
31366448095,13.8263
31380477821,14.0298
31394324513,13.8462
31408520652,14.1965
31421425182,12.9044
31435277595,13.8506
31448171976,12.8955
31462814114,14.6423
31477638335,14.8229
31491511767,13.8745
31504094612,12.5816
31518125090,14.0303
31532959870,14.8354
31545789058,12.8279
31561671118,15.8823
31575295773,13.6225
31589000718,13.7049
31604125073,15.1248
31619439395,15.3104
31634969954,15.5334
31648688405,13.7185
31664742909,16.052
31680183749,15.4429
31694955131,14.7715
31709966593,15.011
31724744006,14.7775
31741094326,16.3501
31757132169,16.038
31773552041,16.4195
31785900014,12.3471
31800490896,14.5861
31816314355,15.827
31830915045,14.6007
31848775356,17.8599
31863527671,14.7521
31889444945,25.9174
31904785246,15.34
31920942423,16.1574
31925517788,4.5743
31953975029,28.456
31960523114,6.54991
31973300806,12.7758
31991176615,17.8764
32006987562,15.8097
32032553735,25.5662
32036532197,3.97803
32052791908,16.259
32067861490,15.07
32096199125,28.3378
32101336057,5.13689
32126920043,25.5832
32135183144,8.26337
32146306264,11.1206
32161393048,15.0886
32177304924,15.9116
32192059383,14.7545
32207590593,15.5311
32223074855,15.4841
32236926276,13.8511
32251378637,14.4526
32267130242,15.7514
32280854654,13.7244
32298587495,17.7327
32310847422,12.258
32325521020,14.6739
32339766502,14.2455
32356745455,16.9785
32368389664,11.6446
32382685932,14.296
32397675353,14.9893
32411761826,14.0866
32426029911,14.2674
32440848160,14.8169
32456253714,15.4051
32471062745,14.81
32484316673,13.2537
32497245919,12.9292
32510496630,13.2507
32524312785,13.8159
32537755517,13.4426
32550332180,12.5748
32563502070,13.1704
32586662879,23.1607
32588989395,2.3262
32601392091,12.4028
32614175974,12.7837
32636578467,22.4024
32639437033,2.85729
32651459625,12.0233
32663330501,11.8702
32675651674,12.3208
32689201708,13.5502
32702069699,12.8678
32714164546,12.0945
32726782267,12.6177
32738889297,12.1069
32751423330,12.5338
32763507026,12.0835
32776555287,13.0482
32787980294,11.4249
32800034134,12.0537
32812762854,12.7285
32824174356,11.4115
32836236231,12.0616
32848000777,11.7646
32860312833,12.3118
32872369518,12.0567
32884603948,12.2343
32895958623,11.3528
32918168184,22.2107
32920439716,2.27
32932371847,11.9328
32944681027,12.3091
32956759243,12.0754
32969335877,12.5793
32981002879,11.667
32994096475,13.0936
33006735345,12.6383
33018578339,11.842
33031022112,12.4444
33043334499,12.3125
33055714672,12.3791
33068638108,12.9235
33080279923,11.6419
33092496139,12.216
33105192798,12.6965
33117416608,12.2236
33129759541,12.3428
33142401958,12.6409
33154583419,12.1823
33167310735,12.7266
33179421352,12.1105
33192668577,13.2458
33205055103,12.3867
33217586331,12.5311
33230209021,12.6223
33243741572,13.5325
33254810049,11.0682
33268037736,13.2261
33279460460,11.4234
33293594402,14.1341
33304756625,11.162
33317367182,12.6104
33329970476,12.6031
33342533163,12.5626
33355794654,13.2613
33368285777,12.4899
33380473699,12.1886
33393591210,13.1176
33406122999,12.5317
33418410869,12.2878
33430987282,12.5764
33444018200,13.0308
33456370311,12.352
33469599141,13.224
33481324002,11.7288
33493668799,12.3448
33507055065,13.3862
33518502255,11.4459
33530855808,12.354
33543371928,12.5162
33555410439,12.0377
33567580468,12.1702
33580662862,13.0821
33593332330,12.6694
33605665756,12.3332
33618459658,12.7938
33630529709,12.0699
33643522735,12.9928
33655869186,12.3463
33668762875,12.8924
33681077827,12.3156
33694510360,13.4321
33706414779,11.9043
33719137326,12.7221
33733057547,13.9203
33744710222,11.6526
33757134329,12.4241
33770429213,13.2934
33782796342,12.3679
33794952755,12.1561
33809588652,14.6357
33823803145,14.2146
33836315839,12.512
33848607736,12.292
33861918721,13.3109
33875418110,13.4993
33888168430,12.7503
33901498470,13.3299
33914289987,12.7914
33927508718,13.2186
33941769970,14.2609
33954349990,12.58
33967963303,13.6132
33982093899,14.1279
33995361432,13.2698
34009266493,13.9047
34022519409,13.2515
34035603116,13.0843
34049893642,14.2901
34063507777,13.6141
34077097436,13.5896
34090680883,13.5834
34104379636,13.698
34117674851,13.295
34131649614,13.9749
34145327498,13.6775
34159457093,14.1295
34173006505,13.5452
34186731238,13.7261
34199560376,12.8305
34212728252,13.1668
34227022095,14.2938
34241145126,14.123
34254406457,13.2608
34268347126,13.9398
34281822720,13.4757
34296981330,15.1578
34314749898,17.7661
34324957205,10.2092
34340497813,15.5407
34355229199,14.7313
34368634510,13.4044
34386789205,18.1555
34398570763,11.7811
34414545176,15.9743
34427636908,13.0901
34442035078,14.3979
34457676014,15.6397
34473435253,15.7603
34486336818,12.8997
34501794059,15.4587
34516616626,14.8219
34531969891,15.3534
34545745169,13.7742
34573416832,27.6718
34589818459,16.4008
34595172178,5.35434
34624072552,28.9004
34627909038,3.83525
34650390199,22.4815
34668107891,17.7173
34681472917,13.3651
34696742726,15.2698
34711661644,14.9184
34716541612,4.88002
34741068481,24.5269
34746915107,5.84636
34760156410,13.2412
34774761118,14.603
34791111188,16.351
34804803009,13.6919
34830387427,25.5839
34848146807,17.7595
34861832106,13.6853
34865226450,3.39426
34881701996,16.4753
34895493995,13.7919
34910119422,14.6253
34923667662,13.5467
34937827132,14.1601
34954096521,16.2695
34966316764,12.2202
34979949614,13.6328
34994418386,14.4651
35007290284,12.8752
35022462259,15.1699
35034287860,11.8269
35047050553,12.7607
35059884851,12.8349
35073521678,13.6368
35087693041,14.1716
35100896744,13.2038
35114646183,13.7491
35127824558,13.1785
35141592492,13.7644
35159623303,18.0324
35166993955,7.37079
35180114722,13.1184
35192682709,12.5695
35207551133,14.8686
35217251326,9.69927
35230622103,13.3709
35251791818,21.1697
35254522794,2.73006
35266484160,11.9618
35278257372,11.7727
35290239107,11.9819
35301449841,11.2107
35312988092,11.538
35325466390,12.4782
35337278947,11.8124
35350184238,12.9053
35362372461,12.1881
35375483269,13.1107
35387941730,12.4583
35398574588,10.6328
35410345325,11.7704
35421419383,11.0741
35432913200,11.4935
35444513086,11.5998
35456544975,12.0318
35468005078,11.4602
35479681148,11.6759
35490902412,11.2212
35502345073,11.4397
35513312590,10.9701
35524772252,11.4594
35536310904,11.5387
35548013423,11.7025
35558820148,10.8063
35570642863,11.8214
35581572409,10.9303
35592597314,11.0239
35604064140,11.4671
35615779884,11.7158
35627162512,11.3824
35639216031,12.0535
35651449840,12.2337
35663698176,12.2471
35675601553,11.9034
35687876529,12.2753
35700591512,12.7151
35711739499,11.1479
35723663074,11.9234
35735836399,12.1732
35748408233,12.5717
35760712344,12.304
35773217382,12.5049
35785414883,12.1974
35797849499,12.4345
35810157267,12.3062
35821826303,11.6698
35833750299,11.9239
35846829468,13.0791
35858707036,11.8763
35871989888,13.2833
35883600344,11.6104
35895440913,11.8404
35907105010,11.6638
35919217981,12.1117
35931137900,11.9204
35944067276,12.9296
35955703020,11.6356
35967591790,11.8886
35979719639,12.1278
35992354071,12.6343
36005121874,12.7652
36017464477,12.3435
36030241057,12.7773
36042722311,12.4803
36056524559,13.8026
36067900103,11.3755
36079994941,12.0949
36093253186,13.2581
36105867731,12.6131
36119899962,14.0329
36130714691,10.8145
36143296094,12.5817
36155686176,12.3899
36168248122,12.5618
36180103519,11.8553
36193051490,12.9477
36205600832,12.5475
36217405454,11.8058
36229975244,12.5691
36242689677,12.7147
36255541087,12.851
36268108272,12.5673
36280637186,12.5281
36294166511,13.5293
36305985950,11.8194
36318266948,12.2809
36331517919,13.2508
36344402592,12.8845
36356965129,12.5623
36369249653,12.2844
36382153131,12.9033
36395609789,13.4565
36407584531,11.9731
36420658520,13.0746
36432889212,12.2307
36446092725,13.2023
36458337474,12.2453
36472183284,13.8459
36483706035,11.5217
36496887366,13.1815
36510326461,13.4372
36522009454,11.6846
36535427871,13.4183
36548370182,12.9422
36561528289,13.1564
36575797525,14.2702
36588336127,12.5379
36601651219,13.3153
36614833422,13.1821
36628534249,13.6994
36641347588,12.8138
36655196043,13.8466
36669570628,14.3752
36682456032,12.8849
36697130952,14.6737
36710402582,13.2722
36723513961,13.1108
36737705131,14.1906
36751937418,14.2319
36764650608,12.7132
36779525073,14.8735
36792571200,13.0461
36806747381,14.1757
36821730180,14.9829
36834779462,13.0463
36848832833,14.0552
36862343593,13.5111
36876574107,14.2299
36892315623,15.7407
36906233759,13.9175
36920394031,14.1605
36934897077,14.5008
36949654122,14.7567
36965024219,15.371
36978082708,13.0588
36994225669,16.1397
37007121242,12.8971
37022848511,15.7249
37036804899,13.9583
37051251540,14.4466
37065674596,14.4234
37084043332,18.3686
37096784165,12.7406
37109106730,12.3228
37124459575,15.3513
37139031521,14.5722
37153225406,14.193
37169762157,16.5363
37194469205,24.7076
37211778318,17.3092
37225326609,13.5481
37242514064,17.1873
37246798222,4.28284
37261974865,15.1758
37290608347,28.6342
37295139248,4.53123
37307530233,12.3885
37323389410,15.8589
37338874693,15.4858
37364358161,25.4837
37379369814,15.0112
37384628314,5.25842
37420307868,35.6781
37433608473,13.3018
37437264349,3.65446
37464649974,27.3866
37483688129,19.0381
37487553700,3.86553
37500095067,12.5412
37513682581,13.5864
37529761782,16.075
37547664342,17.9068
37558398290,10.7341
37573846353,15.4474
37591548016,17.702
37614056378,22.5083
37618650819,4.59255
37631401810,12.7522
37645066610,13.6619
37660822723,15.7584
37674968027,14.1453
37687610344,12.642
37704169567,16.5581
37715282137,11.1138
37728903716,13.6201
37743767591,14.8642
37757927622,14.1604
37771247573,13.3202
37785289172,14.0393
37800370095,15.0803
37813534955,13.1654
37826131676,12.598
37840904881,14.7727
37852898016,11.9919
37866110025,13.212
37879628379,13.5171
37892911892,13.2841
37904910769,11.9991
37917167641,12.2568
37929204319,12.0364
37941674382,12.47
37955296521,13.6219
37966074792,10.7785
37978922806,12.8477
37990802008,11.8792
38003543681,12.7416
38015845378,12.3015
38038254443,22.4066
38040154938,1.90284
38052372786,12.2177
38065464919,13.092
38076596765,11.1317
38088566978,11.9702
38100591613,12.0245
38112228489,11.6367
38124523002,12.2944
38136179855,11.6568
38147183290,11.0033
38158728503,11.5436
38170571387,11.8435
38181976286,11.405
38194200407,12.2241
38205950556,11.7501
38218007792,12.0571
38229277227,11.2693
38251286711,22.0094
38253520312,2.23346
38264996696,11.4761
38277148851,12.1505
38288937032,11.789
38300332183,11.3956
38312763082,12.4308
38324976562,12.2124
38337759193,12.783
38349912661,12.1535
38362070727,12.1581
38374636590,12.5657
38386753489,12.1167
38398655914,11.9024
38410880676,12.2235
38423728058,12.848
38436186289,12.4583
38449101288,12.9146
38461831050,12.7296
38474229127,12.3982
38486753803,12.5245
38500126363,13.3725
38511804447,11.6779
38524561710,12.7571
38536657098,12.0953
38549345532,12.6837
38562677075,13.3356
38573808370,11.1313
38586304121,12.4956
38598988046,12.684
38611156562,12.1682
38623297927,12.1414
38635498873,12.2009
38648034600,12.5342
38660533116,12.4984
38673259291,12.7266
38686054105,12.7951
38698458083,12.4036
38712314463,13.8562
38723409410,11.0952
38736178906,12.7694
38749182573,13.0035
38761876707,12.6939
38774635122,12.7584
38787367418,12.7321
38801354545,13.9868
38812453739,11.0993
38824776275,12.3224
38837052673,12.2763
38849438728,12.3858
38861988601,12.5499
38874320755,12.3307
38887339971,13.0196
38899550125,12.2105
38912334128,12.7823
38924638529,12.3053
38937349806,12.7104
38950549812,13.2003
38962397514,11.8479
38975362728,12.9645
38988281275,12.9185
39000784300,12.5031
39013892653,13.1082
39026156338,12.2637
39038710990,12.5529
39053189781,14.4773
39065009410,11.8213
39077387009,12.3778
39090500242,13.1131
39102592043,12.0918
39115513645,12.9204
39128437221,12.9241
39141416081,12.9783
39153698170,12.2824
39166702037,13.0032
39179619402,12.9174
39194188021,14.5685
39206124871,11.9368
39219554409,13.4294
39232396892,12.8413
39245872055,13.4754
39258414154,12.5415
39272775474,14.3615
39286283629,13.5079
39299390019,13.1063
39312184121,12.7943
39326045451,13.8611
39340697147,14.6518
39353278278,12.5808
39366496669,13.2181
39380462615,13.9659
39394779221,14.3151
39408008011,13.2295
39421702146,13.6934
39435739837,14.0368
39448868388,13.1282
39462844904,13.9754
39476422781,13.5781
39490850285,14.4271
39505651302,14.801
39517778560,12.1272
39532272520,14.4937
39546144619,13.8724
39560859053,14.7052
39574422563,13.5705
39589381036,14.9574
39603856550,14.4755
39617712339,13.8554
39634832067,17.1204
39647459145,12.6259
39661698225,14.2388
39678086487,16.3898
39692378417,14.2903
39706237161,13.8589
39720417391,14.1797
39735330569,14.9134
39752286558,16.9556
39766633691,14.3474
39778950717,12.3169
39794183505,15.2311
39808593988,14.4111
39825976079,17.3816
39837828350,11.8517
39853638996,15.811
39870751991,17.113
39895450622,24.6985
39899027249,3.57544
39914415280,15.3875
39943409901,28.9953
39957799003,14.3894
39961715229,3.91552
39989744595,28.0297
40010128361,20.3836
